<project name="${project.name}" xmlns="http://maven.apache.org/DECORATION/1.3.0"
         xmlns:xsi="http://www.w3.org/2001/XMLSchema-instance"
         xsi:schemaLocation="http://maven.apache.org/DECORATION/1.3.0 http://maven.apache.org/xsd/decoration-1.3.0.xsd">
    <version position="navigation-bottom"/>
    <bannerRight>
        <src>./images/mp-masthead-logo-oclc-en.gif</src>
        <href>http://www.oclc.org/</href>
        <alt>OCLC Logo</alt>
    </bannerRight>
    <body>
        <breadcrumbs>
            <item name="Parent" href="../index.html"/>
        </breadcrumbs>
		
        <menu name="Documents">
            <item name="Component Level Design" href="dui-component.html"/>
            <item name="Environments" href="environments.html"/>
            <item name="UI Stats Recording Design" href="stats-design.html"/>
			<item name="Apt Examples" href="example-html.html"/>
        </menu>

        <menu ref="modules"/>

        <menu ref="reports"/>

    </body>
</project>